--------------------------------------------------------
--  File created - Thursday-July-06-2023   
--------------------------------------------------------
DROP TABLE "THUCTAP"."KEHOACH";
DROP TABLE "THUCTAP"."CONGVIEC";
DROP TABLE "THUCTAP"."LOAICONGVIEC";
DROP TABLE "THUCTAP"."BAOCAOHANGNGAY";
DROP TABLE "THUCTAP"."NHOMCONGVIEC";
DROP TABLE "THUCTAP"."DONVI";
DROP TABLE "THUCTAP"."NHANVIEN";
DROP TABLE "THUCTAP"."DUAN";
DROP TABLE "THUCTAP"."XINGIAHAN";
-- Unable to render TABLE DDL for object THUCTAP.KEHOACH with DBMS_METADATA attempting internal generator.
ALTER TABLE KEHOACH
ADD CONSTRAINT KEHOACH_FK1 FOREIGN KEY
(
  DV_ID 
)
REFERENCES DONVI
(
  DV_ID 
)
ENABLE
ALTER TABLE KEHOACH
ADD CONSTRAINT KEHOACH_FK2 FOREIGN KEY
(
  NV_ID 
)
REFERENCES NHANVIEN
(
  NV_ID 
)
ENABLECREATE TABLE KEHOACH 
(
  KH_ID NUMBER NOT NULL 
, KH_TEN VARCHAR2(255 BYTE) 
, KH_STT VARCHAR2(20 BYTE) 
, KH_LOAIKEHOACH VARCHAR2(30 BYTE) 
, KH_THGIANBATDAU DATE 
, KH_THGIANKETTHUC DATE 
, KH_TONGTHGIAN NUMBER DEFAULT 0 
, DV_ID NUMBER 
, NV_ID NUMBER 
, KH_TRANGTHAI NUMBER DEFAULT 0 
, CONSTRAINT KEHOACH_PK PRIMARY KEY 
  (
    KH_ID 
  )
  USING INDEX 
  (
      CREATE UNIQUE INDEX KEHOACH_PK ON KEHOACH (KH_ID ASC) 
      LOGGING 
      TABLESPACE USERS 
      PCTFREE 10 
      INITRANS 2 
      STORAGE 
      ( 
        INITIAL 65536 
        NEXT 1048576 
        MINEXTENTS 1 
        MAXEXTENTS UNLIMITED 
        BUFFER_POOL DEFAULT 
      ) 
      NOPARALLEL 
  )
  ENABLE 
) 
LOGGING 
TABLESPACE USERS 
PCTFREE 10 
INITRANS 1 
STORAGE 
( 
  INITIAL 65536 
  NEXT 1048576 
  MINEXTENTS 1 
  MAXEXTENTS UNLIMITED 
  BUFFER_POOL DEFAULT 
) 
NOCOMPRESS 
NOPARALLEL
-- Unable to render TABLE DDL for object THUCTAP.CONGVIEC with DBMS_METADATA attempting internal generator.
ALTER TABLE CONGVIEC
ADD CONSTRAINT CONGVIEC_FK1 FOREIGN KEY
(
  CV_CV_CHA 
)
REFERENCES CONGVIEC
(
  CV_ID 
)
ON DELETE SET NULL DISABLE
ALTER TABLE CONGVIEC
ADD CONSTRAINT CONGVIEC_FK2 FOREIGN KEY
(
  DV_ID 
)
REFERENCES DONVI
(
  DV_ID 
)
DISABLE
ALTER TABLE CONGVIEC
ADD CONSTRAINT CONGVIEC_FK3 FOREIGN KEY
(
  NV_ID 
)
REFERENCES NHANVIEN
(
  NV_ID 
)
DISABLE
ALTER TABLE CONGVIEC
ADD CONSTRAINT CONGVIEC_FK4 FOREIGN KEY
(
  N_CV_ID 
)
REFERENCES NHOMCONGVIEC
(
  N_CV_ID 
)
ON DELETE SET NULL DISABLE
ALTER TABLE CONGVIEC
ADD CONSTRAINT CONGVIEC_FK5 FOREIGN KEY
(
  LCV_ID 
)
REFERENCES LOAICONGVIEC
(
  LCV_ID 
)
ON DELETE SET NULL DISABLE
ALTER TABLE CONGVIEC
ADD CONSTRAINT CONGVIEC_FK6 FOREIGN KEY
(
  NV_ID_LAM 
)
REFERENCES NHANVIEN
(
  NV_ID 
)
DISABLE
ALTER TABLE CONGVIEC
ADD CONSTRAINT FK_DA_ID FOREIGN KEY
(
  DA_ID 
)
REFERENCES DUAN
(
  DA_ID 
)
DISABLE
ALTER TABLE CONGVIEC
ADD CONSTRAINT FK_KH_ID FOREIGN KEY
(
  KH_ID 
)
REFERENCES KEHOACH
(
  KH_ID 
)
DISABLECREATE TABLE CONGVIEC 
(
  CV_ID NUMBER NOT NULL 
, CV_TEN VARCHAR2(255 BYTE) 
, CV_THGIANBATDAU DATE 
, CV_THGIANHOANTHANH DATE 
, CV_TIENDO NUMBER DEFAULT 0 
, CV_TRANGTHAI NUMBER DEFAULT 0 
, CV_NOIDUNG VARCHAR2(255 BYTE) 
, CV_CV_CHA NUMBER 
, CV_TRONGSO NUMBER DEFAULT 0 
, DV_ID NUMBER 
, KH_ID NUMBER 
, DA_ID NUMBER 
, N_CV_ID NUMBER 
, NV_ID NUMBER 
, CV_HANHOANTHANH DATE 
, CV_TGTHUCHIEN NUMBER DEFAULT 0 
, NV_ID_LAM NUMBER 
, LCV_ID NUMBER 
, CONSTRAINT CONGVIEC_PK PRIMARY KEY 
  (
    CV_ID 
  )
  USING INDEX 
  (
      CREATE UNIQUE INDEX CONGVIEC_PK ON CONGVIEC (CV_ID ASC) 
      LOGGING 
      TABLESPACE USERS 
      PCTFREE 10 
      INITRANS 2 
      STORAGE 
      ( 
        INITIAL 65536 
        NEXT 1048576 
        MINEXTENTS 1 
        MAXEXTENTS UNLIMITED 
        BUFFER_POOL DEFAULT 
      ) 
      NOPARALLEL 
  )
  ENABLE 
) 
LOGGING 
TABLESPACE USERS 
PCTFREE 10 
INITRANS 1 
STORAGE 
( 
  INITIAL 65536 
  NEXT 1048576 
  MINEXTENTS 1 
  MAXEXTENTS UNLIMITED 
  BUFFER_POOL DEFAULT 
) 
NOCOMPRESS 
NOPARALLEL
-- Unable to render TABLE DDL for object THUCTAP.LOAICONGVIEC with DBMS_METADATA attempting internal generator.
CREATE TABLE LOAICONGVIEC 
(
  LCV_ID NUMBER NOT NULL 
, LCV_TEN VARCHAR2(20 BYTE) NOT NULL 
, CONSTRAINT LOAICONGVIEC_PK PRIMARY KEY 
  (
    LCV_ID 
  )
  USING INDEX 
  (
      CREATE UNIQUE INDEX LOAICONGVIEC_PK ON LOAICONGVIEC (LCV_ID ASC) 
      LOGGING 
      TABLESPACE USERS 
      PCTFREE 10 
      INITRANS 2 
      STORAGE 
      ( 
        INITIAL 65536 
        NEXT 1048576 
        MINEXTENTS 1 
        MAXEXTENTS UNLIMITED 
        BUFFER_POOL DEFAULT 
      ) 
      NOPARALLEL 
  )
  ENABLE 
) 
LOGGING 
TABLESPACE USERS 
PCTFREE 10 
INITRANS 1 
STORAGE 
( 
  INITIAL 65536 
  NEXT 1048576 
  MINEXTENTS 1 
  MAXEXTENTS UNLIMITED 
  BUFFER_POOL DEFAULT 
) 
NOCOMPRESS 
NOPARALLEL
-- Unable to render TABLE DDL for object THUCTAP.BAOCAOHANGNGAY with DBMS_METADATA attempting internal generator.
COMMENT ON COLUMN BAOCAOHANGNGAY.NV_ID IS 'ng??i báo cáo';
COMMENT ON COLUMN BAOCAOHANGNGAY.NV_ID_NGDUYET IS 'ng??i th?m ??nh';ALTER TABLE BAOCAOHANGNGAY
ADD CONSTRAINT BAOCAOHANGNGAY_FK1 FOREIGN KEY
(
  LCV_ID 
)
REFERENCES LOAICONGVIEC
(
  LCV_ID 
)
ON DELETE SET NULL ENABLE
ALTER TABLE BAOCAOHANGNGAY
ADD CONSTRAINT FK_CV_ID FOREIGN KEY
(
  CV_ID 
)
REFERENCES CONGVIEC
(
  CV_ID 
)
ENABLE
ALTER TABLE BAOCAOHANGNGAY
ADD CONSTRAINT FK_NGBAOCAO_ID FOREIGN KEY
(
  NV_ID 
)
REFERENCES NHANVIEN
(
  NV_ID 
)
ENABLE
ALTER TABLE BAOCAOHANGNGAY
ADD CONSTRAINT FK_NGDUYET_ID FOREIGN KEY
(
  NV_ID_NGDUYET 
)
REFERENCES NHANVIEN
(
  NV_ID 
)
ENABLECREATE TABLE BAOCAOHANGNGAY 
(
  BCHN_ID NUMBER NOT NULL 
, BCHN_NGAY DATE 
, BCHN_TIENDO NUMBER(*, 0) DEFAULT 0 
, BCHN_TRANGTHAI NUMBER DEFAULT 0 
, CV_ID NUMBER 
, BCHN_NOIDUNG VARCHAR2(200 BYTE) 
, NV_ID NUMBER 
, SO_GIO_LAM NUMBER 
, NV_ID_NGDUYET NUMBER 
, BCHN_GIOTHAMDINH NUMBER 
, LCV_ID NUMBER 
, BCHN_GIOBATDAU VARCHAR2(10 BYTE) 
, BCHN_GIOKETTHUC VARCHAR2(10 BYTE) 
, CONSTRAINT TABLE1_PK PRIMARY KEY 
  (
    BCHN_ID 
  )
  USING INDEX 
  (
      CREATE UNIQUE INDEX TABLE1_PK ON BAOCAOHANGNGAY (BCHN_ID ASC) 
      LOGGING 
      TABLESPACE USERS 
      PCTFREE 10 
      INITRANS 2 
      STORAGE 
      ( 
        INITIAL 65536 
        NEXT 1048576 
        MINEXTENTS 1 
        MAXEXTENTS UNLIMITED 
        BUFFER_POOL DEFAULT 
      ) 
      NOPARALLEL 
  )
  ENABLE 
) 
LOGGING 
TABLESPACE USERS 
PCTFREE 10 
INITRANS 1 
STORAGE 
( 
  INITIAL 65536 
  NEXT 1048576 
  MINEXTENTS 1 
  MAXEXTENTS UNLIMITED 
  BUFFER_POOL DEFAULT 
) 
NOCOMPRESS 
NOPARALLEL
-- Unable to render TABLE DDL for object THUCTAP.NHOMCONGVIEC with DBMS_METADATA attempting internal generator.
CREATE TABLE NHOMCONGVIEC 
(
  N_CV_ID NUMBER NOT NULL 
, N_CV_TEN VARCHAR2(255 BYTE) 
, CONSTRAINT NHOMCONGVIEC_PK PRIMARY KEY 
  (
    N_CV_ID 
  )
  USING INDEX 
  (
      CREATE UNIQUE INDEX NHOMCONGVIEC_PK ON NHOMCONGVIEC (N_CV_ID ASC) 
      LOGGING 
      TABLESPACE USERS 
      PCTFREE 10 
      INITRANS 2 
      STORAGE 
      ( 
        INITIAL 65536 
        NEXT 1048576 
        MINEXTENTS 1 
        MAXEXTENTS UNLIMITED 
        BUFFER_POOL DEFAULT 
      ) 
      NOPARALLEL 
  )
  ENABLE 
) 
LOGGING 
TABLESPACE USERS 
PCTFREE 10 
INITRANS 1 
STORAGE 
( 
  INITIAL 65536 
  NEXT 1048576 
  MINEXTENTS 1 
  MAXEXTENTS UNLIMITED 
  BUFFER_POOL DEFAULT 
) 
NOCOMPRESS 
NOPARALLEL
-- Unable to render TABLE DDL for object THUCTAP.DONVI with DBMS_METADATA attempting internal generator.
ALTER TABLE DONVI
ADD CONSTRAINT DONVI_FK1 FOREIGN KEY
(
  DV_DVCHA 
)
REFERENCES DONVI
(
  DV_ID 
)
ON DELETE SET NULL ENABLECREATE TABLE DONVI 
(
  DV_ID NUMBER(*, 0) NOT NULL 
, DV_TEN VARCHAR2(50 BYTE) NOT NULL 
, DV_ID_DVTRUONG NUMBER 
, DV_DVCHA NUMBER 
, CONSTRAINT DONVI_PK PRIMARY KEY 
  (
    DV_ID 
  )
  USING INDEX 
  (
      CREATE UNIQUE INDEX DONVI_PK1 ON DONVI (DV_ID ASC) 
      LOGGING 
      TABLESPACE USERS 
      PCTFREE 10 
      INITRANS 2 
      STORAGE 
      ( 
        INITIAL 65536 
        NEXT 1048576 
        MINEXTENTS 1 
        MAXEXTENTS UNLIMITED 
        BUFFER_POOL DEFAULT 
      ) 
      NOPARALLEL 
  )
  ENABLE 
) 
LOGGING 
TABLESPACE USERS 
PCTFREE 10 
INITRANS 1 
STORAGE 
( 
  INITIAL 65536 
  NEXT 1048576 
  MINEXTENTS 1 
  MAXEXTENTS UNLIMITED 
  BUFFER_POOL DEFAULT 
) 
NOCOMPRESS 
NOPARALLEL
-- Unable to render TABLE DDL for object THUCTAP.NHANVIEN with DBMS_METADATA attempting internal generator.
ALTER TABLE NHANVIEN
ADD CONSTRAINT FK_NHANVIEN_DONVI FOREIGN KEY
(
  DV_ID 
)
REFERENCES DONVI
(
  DV_ID 
)
ON DELETE SET NULL ENABLECREATE TABLE NHANVIEN 
(
  NV_ID NUMBER NOT NULL 
, NV_STT VARCHAR2(20 BYTE) 
, NV_TEN VARCHAR2(20 BYTE) 
, NV_QUYEN VARCHAR2(20 BYTE) 
, NV_TAIKHOAN VARCHAR2(20 BYTE) NOT NULL 
, NV_MATKHAU VARCHAR2(255 BYTE) NOT NULL 
, NV_QUYENTHAMDINH VARCHAR2(20 BYTE) 
, DV_ID NUMBER 
, NV_SDT VARCHAR2(20 BYTE) 
, NV_DIACHI VARCHAR2(100 BYTE) 
, CONSTRAINT NHANVIEN_PK PRIMARY KEY 
  (
    NV_ID 
  )
  USING INDEX 
  (
      CREATE UNIQUE INDEX NHANVIEN_PK ON NHANVIEN (NV_ID ASC) 
      LOGGING 
      TABLESPACE USERS 
      PCTFREE 10 
      INITRANS 2 
      STORAGE 
      ( 
        INITIAL 65536 
        NEXT 1048576 
        MINEXTENTS 1 
        MAXEXTENTS UNLIMITED 
        BUFFER_POOL DEFAULT 
      ) 
      NOPARALLEL 
  )
  ENABLE 
) 
LOGGING 
TABLESPACE USERS 
PCTFREE 10 
INITRANS 1 
STORAGE 
( 
  INITIAL 65536 
  NEXT 1048576 
  MINEXTENTS 1 
  MAXEXTENTS UNLIMITED 
  BUFFER_POOL DEFAULT 
) 
NOCOMPRESS 
NOPARALLEL
-- Unable to render TABLE DDL for object THUCTAP.DUAN with DBMS_METADATA attempting internal generator.
CREATE TABLE DUAN 
(
  DA_ID NUMBER NOT NULL 
, DA_MADA VARCHAR2(20 BYTE) 
, DA_TEN VARCHAR2(100 BYTE) 
, CONSTRAINT DUAN_PK PRIMARY KEY 
  (
    DA_ID 
  )
  USING INDEX 
  (
      CREATE UNIQUE INDEX DUAN_PK ON DUAN (DA_ID ASC) 
      LOGGING 
      TABLESPACE USERS 
      PCTFREE 10 
      INITRANS 2 
      STORAGE 
      ( 
        INITIAL 65536 
        NEXT 1048576 
        MINEXTENTS 1 
        MAXEXTENTS UNLIMITED 
        BUFFER_POOL DEFAULT 
      ) 
      NOPARALLEL 
  )
  ENABLE 
) 
LOGGING 
TABLESPACE USERS 
PCTFREE 10 
INITRANS 1 
STORAGE 
( 
  INITIAL 65536 
  NEXT 1048576 
  MINEXTENTS 1 
  MAXEXTENTS UNLIMITED 
  BUFFER_POOL DEFAULT 
) 
NOCOMPRESS 
NOPARALLEL
-- Unable to render TABLE DDL for object THUCTAP.XINGIAHAN with DBMS_METADATA attempting internal generator.
COMMENT ON COLUMN XINGIAHAN.NV_IDDUYET IS 'ng??i duy?t ??n';
COMMENT ON COLUMN XINGIAHAN.NV_ID IS 'ng??i xin gia ha?n';ALTER TABLE XINGIAHAN
ADD CONSTRAINT XINGIAHAN_FK1 FOREIGN KEY
(
  NV_ID 
)
REFERENCES NHANVIEN
(
  NV_ID 
)
ENABLE
ALTER TABLE XINGIAHAN
ADD CONSTRAINT XINGIAHAN_FK2 FOREIGN KEY
(
  NV_IDDUYET 
)
REFERENCES NHANVIEN
(
  NV_ID 
)
ON DELETE SET NULL ENABLE
ALTER TABLE XINGIAHAN
ADD CONSTRAINT XINGIAHAN_FK3 FOREIGN KEY
(
  CV_ID 
)
REFERENCES CONGVIEC
(
  CV_ID 
)
ENABLECREATE TABLE XINGIAHAN 
(
  HG_ID NUMBER NOT NULL 
, HG_LIDO VARCHAR2(20 BYTE) 
, HG_THGIANDENGHI DATE 
, NV_IDDUYET NUMBER 
, NV_ID NUMBER 
, CV_ID NUMBER 
, HG_TRANGTHAI NUMBER DEFAULT 0 
, CONSTRAINT XINGIAHAN_PK PRIMARY KEY 
  (
    HG_ID 
  )
  USING INDEX 
  (
      CREATE UNIQUE INDEX XINGIAHAN_PK ON XINGIAHAN (HG_ID ASC) 
      LOGGING 
      TABLESPACE USERS 
      PCTFREE 10 
      INITRANS 2 
      STORAGE 
      ( 
        INITIAL 65536 
        NEXT 1048576 
        MINEXTENTS 1 
        MAXEXTENTS UNLIMITED 
        BUFFER_POOL DEFAULT 
      ) 
      NOPARALLEL 
  )
  ENABLE 
) 
LOGGING 
TABLESPACE USERS 
PCTFREE 10 
INITRANS 1 
STORAGE 
( 
  INITIAL 65536 
  NEXT 1048576 
  MINEXTENTS 1 
  MAXEXTENTS UNLIMITED 
  BUFFER_POOL DEFAULT 
) 
NOCOMPRESS 
NOPARALLEL
-- Unable to render SEQUENCE DDL for object THUCTAP.NHOMCONGVIEC_SEQ with DBMS_METADATA attempting internal generator.
CREATE SEQUENCE NHOMCONGVIEC_SEQ INCREMENT BY 1 MAXVALUE 9999999999999999999999999999 MINVALUE 1 CACHE 20
-- Unable to render SEQUENCE DDL for object THUCTAP.DONVI_SEQ with DBMS_METADATA attempting internal generator.
CREATE SEQUENCE DONVI_SEQ INCREMENT BY 1 MAXVALUE 9999999999999999999999999999 MINVALUE 1 CACHE 20
-- Unable to render SEQUENCE DDL for object THUCTAP.DUAN_SEQ with DBMS_METADATA attempting internal generator.
CREATE SEQUENCE DUAN_SEQ INCREMENT BY 1 MAXVALUE 9999999999999999999999999999 MINVALUE 1 CACHE 20
REM INSERTING into THUCTAP.KEHOACH
SET DEFINE OFF;
Insert into THUCTAP.KEHOACH (KH_ID,KH_TEN,KH_STT,KH_LOAIKEHOACH,KH_THGIANBATDAU,KH_THGIANKETTHUC,KH_TONGTHGIAN,DV_ID,NV_ID,KH_TRANGTHAI) values (6,'K? ho?ch quý 1','12','K? Ho?ch Quý',to_date('01-JUL-23','DD-MON-RR'),to_date('31-JUL-23','DD-MON-RR'),3000,4,7,2);
Insert into THUCTAP.KEHOACH (KH_ID,KH_TEN,KH_STT,KH_LOAIKEHOACH,KH_THGIANBATDAU,KH_THGIANKETTHUC,KH_TONGTHGIAN,DV_ID,NV_ID,KH_TRANGTHAI) values (10,'K? Ho?ch Tháng 1','1','K? Ho?ch Tháng',to_date('01-JAN-23','DD-MON-RR'),to_date('31-JAN-23','DD-MON-RR'),100,4,7,5);
Insert into THUCTAP.KEHOACH (KH_ID,KH_TEN,KH_STT,KH_LOAIKEHOACH,KH_THGIANBATDAU,KH_THGIANKETTHUC,KH_TONGTHGIAN,DV_ID,NV_ID,KH_TRANGTHAI) values (7,'K? ho?ch tháng 5','12','K? Ho?ch Tháng',to_date('01-JUL-23','DD-MON-RR'),to_date('31-JUL-23','DD-MON-RR'),3456,3,7,2);
Insert into THUCTAP.KEHOACH (KH_ID,KH_TEN,KH_STT,KH_LOAIKEHOACH,KH_THGIANBATDAU,KH_THGIANKETTHUC,KH_TONGTHGIAN,DV_ID,NV_ID,KH_TRANGTHAI) values (11,'K? Ho?ch Tháng 2','13','K? Ho?ch Tháng',to_date('01-FEB-23','DD-MON-RR'),to_date('28-FEB-23','DD-MON-RR'),null,3,4,2);
Insert into THUCTAP.KEHOACH (KH_ID,KH_TEN,KH_STT,KH_LOAIKEHOACH,KH_THGIANBATDAU,KH_THGIANKETTHUC,KH_TONGTHGIAN,DV_ID,NV_ID,KH_TRANGTHAI) values (12,'K? Ho?ch Tháng 3','12','K? Ho?ch Tháng',to_date('01-MAR-23','DD-MON-RR'),to_date('31-MAR-23','DD-MON-RR'),null,3,1,2);
Insert into THUCTAP.KEHOACH (KH_ID,KH_TEN,KH_STT,KH_LOAIKEHOACH,KH_THGIANBATDAU,KH_THGIANKETTHUC,KH_TONGTHGIAN,DV_ID,NV_ID,KH_TRANGTHAI) values (13,'K? Ho?ch Tháng 4','12','K? Ho?ch Tháng',to_date('01-APR-23','DD-MON-RR'),to_date('30-APR-23','DD-MON-RR'),null,2,1,3);
Insert into THUCTAP.KEHOACH (KH_ID,KH_TEN,KH_STT,KH_LOAIKEHOACH,KH_THGIANBATDAU,KH_THGIANKETTHUC,KH_TONGTHGIAN,DV_ID,NV_ID,KH_TRANGTHAI) values (14,'K? Ho?ch Tháng 5','12','K? Ho?ch Tháng',to_date('01-MAY-23','DD-MON-RR'),to_date('31-MAY-23','DD-MON-RR'),null,2,1,4);
Insert into THUCTAP.KEHOACH (KH_ID,KH_TEN,KH_STT,KH_LOAIKEHOACH,KH_THGIANBATDAU,KH_THGIANKETTHUC,KH_TONGTHGIAN,DV_ID,NV_ID,KH_TRANGTHAI) values (15,'K? Ho?ch Tháng 10','20','K? Ho?ch Tháng',to_date('01-OCT-23','DD-MON-RR'),to_date('31-OCT-23','DD-MON-RR'),null,3,1,5);
Insert into THUCTAP.KEHOACH (KH_ID,KH_TEN,KH_STT,KH_LOAIKEHOACH,KH_THGIANBATDAU,KH_THGIANKETTHUC,KH_TONGTHGIAN,DV_ID,NV_ID,KH_TRANGTHAI) values (16,'K? Ho?ch Tháng 11','15','K? Ho?ch Tháng',to_date('01-NOV-23','DD-MON-RR'),to_date('30-NOV-23','DD-MON-RR'),null,3,1,2);
Insert into THUCTAP.KEHOACH (KH_ID,KH_TEN,KH_STT,KH_LOAIKEHOACH,KH_THGIANBATDAU,KH_THGIANKETTHUC,KH_TONGTHGIAN,DV_ID,NV_ID,KH_TRANGTHAI) values (17,'K? Ho?ch Tháng 12','16','K? Ho?ch Tháng',to_date('01-DEC-23','DD-MON-RR'),to_date('31-DEC-23','DD-MON-RR'),null,2,1,2);
Insert into THUCTAP.KEHOACH (KH_ID,KH_TEN,KH_STT,KH_LOAIKEHOACH,KH_THGIANBATDAU,KH_THGIANKETTHUC,KH_TONGTHGIAN,DV_ID,NV_ID,KH_TRANGTHAI) values (30,'K? Ho?ch Tháng 7','1','K? Ho?ch Tháng',to_date('01-JUL-23','DD-MON-RR'),to_date('31-JUL-23','DD-MON-RR'),0,4,7,2);
Insert into THUCTAP.KEHOACH (KH_ID,KH_TEN,KH_STT,KH_LOAIKEHOACH,KH_THGIANBATDAU,KH_THGIANKETTHUC,KH_TONGTHGIAN,DV_ID,NV_ID,KH_TRANGTHAI) values (27,'K? ho?ch tháng 8','1','K? Ho?ch Tháng',to_date('01-AUG-23','DD-MON-RR'),to_date('31-AUG-23','DD-MON-RR'),0,4,7,2);
Insert into THUCTAP.KEHOACH (KH_ID,KH_TEN,KH_STT,KH_LOAIKEHOACH,KH_THGIANBATDAU,KH_THGIANKETTHUC,KH_TONGTHGIAN,DV_ID,NV_ID,KH_TRANGTHAI) values (23,'K? ho?ch Quý 2','1','K? Ho?ch Quý',to_date('03-JUL-23','DD-MON-RR'),to_date('12-JUL-23','DD-MON-RR'),0,7,4,0);
Insert into THUCTAP.KEHOACH (KH_ID,KH_TEN,KH_STT,KH_LOAIKEHOACH,KH_THGIANBATDAU,KH_THGIANKETTHUC,KH_TONGTHGIAN,DV_ID,NV_ID,KH_TRANGTHAI) values (1,'K? ho?ch ??t xu?t','1','K? ho?ch ??t xu?t',to_date('01-JAN-23','DD-MON-RR'),to_date('31-DEC-23','DD-MON-RR'),365,3,1,3);
Insert into THUCTAP.KEHOACH (KH_ID,KH_TEN,KH_STT,KH_LOAIKEHOACH,KH_THGIANBATDAU,KH_THGIANKETTHUC,KH_TONGTHGIAN,DV_ID,NV_ID,KH_TRANGTHAI) values (2,'Xây d?ng web qu?n lí nhân viên','2','K? Ho?ch Quý',to_date('01-JAN-23','DD-MON-RR'),to_date('31-DEC-23','DD-MON-RR'),365,4,1,2);
Insert into THUCTAP.KEHOACH (KH_ID,KH_TEN,KH_STT,KH_LOAIKEHOACH,KH_THGIANBATDAU,KH_THGIANKETTHUC,KH_TONGTHGIAN,DV_ID,NV_ID,KH_TRANGTHAI) values (18,'K? Ho?ch Tháng 7','1','K? Ho?ch Tháng',to_date('28-JUN-23','DD-MON-RR'),to_date('30-JUN-23','DD-MON-RR'),0,4,7,1);
Insert into THUCTAP.KEHOACH (KH_ID,KH_TEN,KH_STT,KH_LOAIKEHOACH,KH_THGIANBATDAU,KH_THGIANKETTHUC,KH_TONGTHGIAN,DV_ID,NV_ID,KH_TRANGTHAI) values (4,'Xây d?ng web qu?n lí báo cáo','4','K? Ho?ch Tháng',to_date('01-JUN-23','DD-MON-RR'),to_date('30-JUN-23','DD-MON-RR'),200,2,1,2);
Insert into THUCTAP.KEHOACH (KH_ID,KH_TEN,KH_STT,KH_LOAIKEHOACH,KH_THGIANBATDAU,KH_THGIANKETTHUC,KH_TONGTHGIAN,DV_ID,NV_ID,KH_TRANGTHAI) values (8,'K? ho?ch 8','8','K? Ho?ch Tháng',to_date('01-AUG-23','DD-MON-RR'),to_date('31-AUG-23','DD-MON-RR'),5,7,1,2);
Insert into THUCTAP.KEHOACH (KH_ID,KH_TEN,KH_STT,KH_LOAIKEHOACH,KH_THGIANBATDAU,KH_THGIANKETTHUC,KH_TONGTHGIAN,DV_ID,NV_ID,KH_TRANGTHAI) values (5,'Th?c t?p 2023','1','K? Ho?ch Tháng',to_date('01-MAY-23','DD-MON-RR'),to_date('31-MAY-23','DD-MON-RR'),300,3,1,1);
Insert into THUCTAP.KEHOACH (KH_ID,KH_TEN,KH_STT,KH_LOAIKEHOACH,KH_THGIANBATDAU,KH_THGIANKETTHUC,KH_TONGTHGIAN,DV_ID,NV_ID,KH_TRANGTHAI) values (9,'K? ho?ch 9','9','K? Ho?ch Tháng',to_date('01-SEP-23','DD-MON-RR'),to_date('30-SEP-23','DD-MON-RR'),5,3,1,3);
Insert into THUCTAP.KEHOACH (KH_ID,KH_TEN,KH_STT,KH_LOAIKEHOACH,KH_THGIANBATDAU,KH_THGIANKETTHUC,KH_TONGTHGIAN,DV_ID,NV_ID,KH_TRANGTHAI) values (20,'K? ho?ch tháng 6','1','K? Ho?ch Tháng',to_date('03-JUL-23','DD-MON-RR'),to_date('13-JUL-23','DD-MON-RR'),0,4,7,5);
Insert into THUCTAP.KEHOACH (KH_ID,KH_TEN,KH_STT,KH_LOAIKEHOACH,KH_THGIANBATDAU,KH_THGIANKETTHUC,KH_TONGTHGIAN,DV_ID,NV_ID,KH_TRANGTHAI) values (29,'test1','1','K? Ho?ch Tháng',to_date('04-JUL-23','DD-MON-RR'),to_date('31-AUG-23','DD-MON-RR'),0,4,7,0);
Insert into THUCTAP.KEHOACH (KH_ID,KH_TEN,KH_STT,KH_LOAIKEHOACH,KH_THGIANBATDAU,KH_THGIANKETTHUC,KH_TONGTHGIAN,DV_ID,NV_ID,KH_TRANGTHAI) values (28,'K? ho?ch tháng 7','1','K? Ho?ch Tháng',to_date('01-JUL-23','DD-MON-RR'),to_date('31-JUL-23','DD-MON-RR'),0,4,7,2);
REM INSERTING into THUCTAP.CONGVIEC
SET DEFINE OFF;
Insert into THUCTAP.CONGVIEC (CV_ID,CV_TEN,CV_THGIANBATDAU,CV_THGIANHOANTHANH,CV_TIENDO,CV_TRANGTHAI,CV_NOIDUNG,CV_CV_CHA,CV_TRONGSO,DV_ID,KH_ID,DA_ID,N_CV_ID,NV_ID,CV_HANHOANTHANH,CV_TGTHUCHIEN,NV_ID_LAM,LCV_ID) values (3,'L?p k? ho?ch ',to_date('15-MAY-23','DD-MON-RR'),to_date('28-JUN-23','DD-MON-RR'),10,2,'B?ng k? ho?ch c? th?',0,0,4,6,1,1,6,to_date('29-JUN-23','DD-MON-RR'),10,7,1);
Insert into THUCTAP.CONGVIEC (CV_ID,CV_TEN,CV_THGIANBATDAU,CV_THGIANHOANTHANH,CV_TIENDO,CV_TRANGTHAI,CV_NOIDUNG,CV_CV_CHA,CV_TRONGSO,DV_ID,KH_ID,DA_ID,N_CV_ID,NV_ID,CV_HANHOANTHANH,CV_TGTHUCHIEN,NV_ID_LAM,LCV_ID) values (14,'Thi?t k? giao di?n',to_date('15-JUN-23','DD-MON-RR'),to_date('28-JUN-23','DD-MON-RR'),50,2,'Thi?t k? giao di?n Figma',0,0,5,6,1,5,6,to_date('24-JUN-23','DD-MON-RR'),10,8,1);
Insert into THUCTAP.CONGVIEC (CV_ID,CV_TEN,CV_THGIANBATDAU,CV_THGIANHOANTHANH,CV_TIENDO,CV_TRANGTHAI,CV_NOIDUNG,CV_CV_CHA,CV_TRONGSO,DV_ID,KH_ID,DA_ID,N_CV_ID,NV_ID,CV_HANHOANTHANH,CV_TGTHUCHIEN,NV_ID_LAM,LCV_ID) values (100,'Công vi?c 1',to_date('01-JUL-23','DD-MON-RR'),null,0,2,'hoàn thành cong viec',1,1,5,30,1,1,7,to_date('31-JUL-23','DD-MON-RR'),0,3,3);
Insert into THUCTAP.CONGVIEC (CV_ID,CV_TEN,CV_THGIANBATDAU,CV_THGIANHOANTHANH,CV_TIENDO,CV_TRANGTHAI,CV_NOIDUNG,CV_CV_CHA,CV_TRONGSO,DV_ID,KH_ID,DA_ID,N_CV_ID,NV_ID,CV_HANHOANTHANH,CV_TGTHUCHIEN,NV_ID_LAM,LCV_ID) values (101,'Công vi?c 2',to_date('01-JUL-23','DD-MON-RR'),null,80,2,'hoàn thành cong viec',1,1,5,30,1,1,7,to_date('14-JUL-23','DD-MON-RR'),5.79,6,3);
Insert into THUCTAP.CONGVIEC (CV_ID,CV_TEN,CV_THGIANBATDAU,CV_THGIANHOANTHANH,CV_TIENDO,CV_TRANGTHAI,CV_NOIDUNG,CV_CV_CHA,CV_TRONGSO,DV_ID,KH_ID,DA_ID,N_CV_ID,NV_ID,CV_HANHOANTHANH,CV_TGTHUCHIEN,NV_ID_LAM,LCV_ID) values (102,'công viêcv 3',to_date('03-JUL-23','DD-MON-RR'),null,70,2,'hoàn thành cong viec',1,1,5,30,1,1,7,to_date('13-JUL-23','DD-MON-RR'),5,6,3);
Insert into THUCTAP.CONGVIEC (CV_ID,CV_TEN,CV_THGIANBATDAU,CV_THGIANHOANTHANH,CV_TIENDO,CV_TRANGTHAI,CV_NOIDUNG,CV_CV_CHA,CV_TRONGSO,DV_ID,KH_ID,DA_ID,N_CV_ID,NV_ID,CV_HANHOANTHANH,CV_TGTHUCHIEN,NV_ID_LAM,LCV_ID) values (103,'công vi?c 4',to_date('04-JUL-23','DD-MON-RR'),null,0,2,'hoàn thành cong viec',1,1,5,30,1,1,7,to_date('18-JUL-23','DD-MON-RR'),0,3,3);
Insert into THUCTAP.CONGVIEC (CV_ID,CV_TEN,CV_THGIANBATDAU,CV_THGIANHOANTHANH,CV_TIENDO,CV_TRANGTHAI,CV_NOIDUNG,CV_CV_CHA,CV_TRONGSO,DV_ID,KH_ID,DA_ID,N_CV_ID,NV_ID,CV_HANHOANTHANH,CV_TGTHUCHIEN,NV_ID_LAM,LCV_ID) values (104,'Hoàng thành công vi?c',to_date('04-JUL-23','DD-MON-RR'),null,0,2,'HT',1,1,5,30,1,1,1,to_date('15-JUL-23','DD-MON-RR'),0,2,3);
Insert into THUCTAP.CONGVIEC (CV_ID,CV_TEN,CV_THGIANBATDAU,CV_THGIANHOANTHANH,CV_TIENDO,CV_TRANGTHAI,CV_NOIDUNG,CV_CV_CHA,CV_TRONGSO,DV_ID,KH_ID,DA_ID,N_CV_ID,NV_ID,CV_HANHOANTHANH,CV_TGTHUCHIEN,NV_ID_LAM,LCV_ID) values (79,'L?p trình 1',to_date('28-JUN-23','DD-MON-RR'),to_date('31-AUG-23','DD-MON-RR'),10,2,'Hoàn thành 1',1,1,6,2,1,1,6,to_date('30-JUN-23','DD-MON-RR'),6,3,3);
Insert into THUCTAP.CONGVIEC (CV_ID,CV_TEN,CV_THGIANBATDAU,CV_THGIANHOANTHANH,CV_TIENDO,CV_TRANGTHAI,CV_NOIDUNG,CV_CV_CHA,CV_TRONGSO,DV_ID,KH_ID,DA_ID,N_CV_ID,NV_ID,CV_HANHOANTHANH,CV_TGTHUCHIEN,NV_ID_LAM,LCV_ID) values (26,'Hoàn thành báo cáo',to_date('03-JUL-23','DD-MON-RR'),to_date('13-JUL-23','DD-MON-RR'),100,3,null,0,1,2,6,null,null,6,to_date('12-JUL-23','DD-MON-RR'),15,null,6);
Insert into THUCTAP.CONGVIEC (CV_ID,CV_TEN,CV_THGIANBATDAU,CV_THGIANHOANTHANH,CV_TIENDO,CV_TRANGTHAI,CV_NOIDUNG,CV_CV_CHA,CV_TRONGSO,DV_ID,KH_ID,DA_ID,N_CV_ID,NV_ID,CV_HANHOANTHANH,CV_TGTHUCHIEN,NV_ID_LAM,LCV_ID) values (89,'?X10',to_date('15-JUN-23','DD-MON-RR'),to_date('04-JUL-23','DD-MON-RR'),100,3,'N?i dung công vi?c',1,1,1,1,1,1,3,to_date('03-JUL-23','DD-MON-RR'),5,1,3);
Insert into THUCTAP.CONGVIEC (CV_ID,CV_TEN,CV_THGIANBATDAU,CV_THGIANHOANTHANH,CV_TIENDO,CV_TRANGTHAI,CV_NOIDUNG,CV_CV_CHA,CV_TRONGSO,DV_ID,KH_ID,DA_ID,N_CV_ID,NV_ID,CV_HANHOANTHANH,CV_TGTHUCHIEN,NV_ID_LAM,LCV_ID) values (17,'L?p k? ho?ch s? b?',to_date('02-JUN-23','DD-MON-RR'),null,100,4,null,0,0,3,2,2,1,6,to_date('17-JUN-23','DD-MON-RR'),14,6,2);
Insert into THUCTAP.CONGVIEC (CV_ID,CV_TEN,CV_THGIANBATDAU,CV_THGIANHOANTHANH,CV_TIENDO,CV_TRANGTHAI,CV_NOIDUNG,CV_CV_CHA,CV_TRONGSO,DV_ID,KH_ID,DA_ID,N_CV_ID,NV_ID,CV_HANHOANTHANH,CV_TGTHUCHIEN,NV_ID_LAM,LCV_ID) values (18,'mô t? s? b? 2',to_date('02-JUN-23','DD-MON-RR'),to_date('23-JUN-23','DD-MON-RR'),20,1,null,0,0,1,2,2,1,4,to_date('26-JUN-23','DD-MON-RR'),13,null,2);
Insert into THUCTAP.CONGVIEC (CV_ID,CV_TEN,CV_THGIANBATDAU,CV_THGIANHOANTHANH,CV_TIENDO,CV_TRANGTHAI,CV_NOIDUNG,CV_CV_CHA,CV_TRONGSO,DV_ID,KH_ID,DA_ID,N_CV_ID,NV_ID,CV_HANHOANTHANH,CV_TGTHUCHIEN,NV_ID_LAM,LCV_ID) values (19,'XD ch?c n?ng ??ng nh?p 2',to_date('02-JUN-23','DD-MON-RR'),to_date('29-JUN-23','DD-MON-RR'),0,1,'Hoàn thành 1',18,0,2,2,2,1,6,to_date('01-JUN-23','DD-MON-RR'),16,null,3);
Insert into THUCTAP.CONGVIEC (CV_ID,CV_TEN,CV_THGIANBATDAU,CV_THGIANHOANTHANH,CV_TIENDO,CV_TRANGTHAI,CV_NOIDUNG,CV_CV_CHA,CV_TRONGSO,DV_ID,KH_ID,DA_ID,N_CV_ID,NV_ID,CV_HANHOANTHANH,CV_TGTHUCHIEN,NV_ID_LAM,LCV_ID) values (20,'XD ch?c nang thêm k? ho?ch 2',to_date('03-JUN-23','DD-MON-RR'),to_date('30-JUN-23','DD-MON-RR'),0,1,null,0,0,4,2,2,2,6,to_date('15-JUN-23','DD-MON-RR'),17,null,4);
Insert into THUCTAP.CONGVIEC (CV_ID,CV_TEN,CV_THGIANBATDAU,CV_THGIANHOANTHANH,CV_TIENDO,CV_TRANGTHAI,CV_NOIDUNG,CV_CV_CHA,CV_TRONGSO,DV_ID,KH_ID,DA_ID,N_CV_ID,NV_ID,CV_HANHOANTHANH,CV_TGTHUCHIEN,NV_ID_LAM,LCV_ID) values (21,'XD giao di?n 2',to_date('03-JUN-23','DD-MON-RR'),to_date('29-JUN-23','DD-MON-RR'),100,1,null,0,0,4,2,2,3,6,to_date('12-JUN-23','DD-MON-RR'),34,1,3);
Insert into THUCTAP.CONGVIEC (CV_ID,CV_TEN,CV_THGIANBATDAU,CV_THGIANHOANTHANH,CV_TIENDO,CV_TRANGTHAI,CV_NOIDUNG,CV_CV_CHA,CV_TRONGSO,DV_ID,KH_ID,DA_ID,N_CV_ID,NV_ID,CV_HANHOANTHANH,CV_TGTHUCHIEN,NV_ID_LAM,LCV_ID) values (98,'test1',to_date('04-JUL-23','DD-MON-RR'),null,0,0,'dbfdgsfb',1,1,7,29,1,1,7,to_date('27-JUL-23','DD-MON-RR'),0,5,3);
Insert into THUCTAP.CONGVIEC (CV_ID,CV_TEN,CV_THGIANBATDAU,CV_THGIANHOANTHANH,CV_TIENDO,CV_TRANGTHAI,CV_NOIDUNG,CV_CV_CHA,CV_TRONGSO,DV_ID,KH_ID,DA_ID,N_CV_ID,NV_ID,CV_HANHOANTHANH,CV_TGTHUCHIEN,NV_ID_LAM,LCV_ID) values (87,'công vi?c 2',to_date('04-JUL-23','DD-MON-RR'),null,90,2,'hoàn thành',1,1,5,27,1,1,7,to_date('15-JUL-23','DD-MON-RR'),7,3,3);
Insert into THUCTAP.CONGVIEC (CV_ID,CV_TEN,CV_THGIANBATDAU,CV_THGIANHOANTHANH,CV_TIENDO,CV_TRANGTHAI,CV_NOIDUNG,CV_CV_CHA,CV_TRONGSO,DV_ID,KH_ID,DA_ID,N_CV_ID,NV_ID,CV_HANHOANTHANH,CV_TGTHUCHIEN,NV_ID_LAM,LCV_ID) values (86,'công vi?c 1',to_date('01-JUL-23','DD-MON-RR'),to_date('06-SEP-23','DD-MON-RR'),40,2,'hoàn thành',1,1,5,27,1,1,7,to_date('08-AUG-23','DD-MON-RR'),5.48,3,3);
Insert into THUCTAP.CONGVIEC (CV_ID,CV_TEN,CV_THGIANBATDAU,CV_THGIANHOANTHANH,CV_TIENDO,CV_TRANGTHAI,CV_NOIDUNG,CV_CV_CHA,CV_TRONGSO,DV_ID,KH_ID,DA_ID,N_CV_ID,NV_ID,CV_HANHOANTHANH,CV_TGTHUCHIEN,NV_ID_LAM,LCV_ID) values (88,'công vi?c 3',to_date('03-JUL-23','DD-MON-RR'),to_date('25-OCT-23','DD-MON-RR'),20,2,null,1,1,5,27,1,1,7,to_date('21-JUL-23','DD-MON-RR'),7,1,3);
Insert into THUCTAP.CONGVIEC (CV_ID,CV_TEN,CV_THGIANBATDAU,CV_THGIANHOANTHANH,CV_TIENDO,CV_TRANGTHAI,CV_NOIDUNG,CV_CV_CHA,CV_TRONGSO,DV_ID,KH_ID,DA_ID,N_CV_ID,NV_ID,CV_HANHOANTHANH,CV_TGTHUCHIEN,NV_ID_LAM,LCV_ID) values (99,null,to_date('04-JUL-23','DD-MON-RR'),null,0,0,'11',1,1,3,29,1,1,6,to_date('28-JUL-23','DD-MON-RR'),0,9,3);
Insert into THUCTAP.CONGVIEC (CV_ID,CV_TEN,CV_THGIANBATDAU,CV_THGIANHOANTHANH,CV_TIENDO,CV_TRANGTHAI,CV_NOIDUNG,CV_CV_CHA,CV_TRONGSO,DV_ID,KH_ID,DA_ID,N_CV_ID,NV_ID,CV_HANHOANTHANH,CV_TGTHUCHIEN,NV_ID_LAM,LCV_ID) values (93,'Cv2',to_date('04-JUL-23','DD-MON-RR'),to_date('05-JUL-23','DD-MON-RR'),100,3,'fdgbdh',1,1,6,29,1,1,7,null,8,6,3);
Insert into THUCTAP.CONGVIEC (CV_ID,CV_TEN,CV_THGIANBATDAU,CV_THGIANHOANTHANH,CV_TIENDO,CV_TRANGTHAI,CV_NOIDUNG,CV_CV_CHA,CV_TRONGSO,DV_ID,KH_ID,DA_ID,N_CV_ID,NV_ID,CV_HANHOANTHANH,CV_TGTHUCHIEN,NV_ID_LAM,LCV_ID) values (105,'công vi?c ??t xu?t 1',to_date('05-JUL-23','DD-MON-RR'),null,0,2,null,1,1,4,1,1,1,1,to_date('07-JUL-23','DD-MON-RR'),0,6,3);
Insert into THUCTAP.CONGVIEC (CV_ID,CV_TEN,CV_THGIANBATDAU,CV_THGIANHOANTHANH,CV_TIENDO,CV_TRANGTHAI,CV_NOIDUNG,CV_CV_CHA,CV_TRONGSO,DV_ID,KH_ID,DA_ID,N_CV_ID,NV_ID,CV_HANHOANTHANH,CV_TGTHUCHIEN,NV_ID_LAM,LCV_ID) values (1,'Th?c t?p ',to_date('29-MAY-23','DD-MON-RR'),to_date('24-JUN-23','DD-MON-RR'),100,3,null,0,0,3,7,1,1,6,to_date('31-MAY-23','DD-MON-RR'),32,1,3);
Insert into THUCTAP.CONGVIEC (CV_ID,CV_TEN,CV_THGIANBATDAU,CV_THGIANHOANTHANH,CV_TIENDO,CV_TRANGTHAI,CV_NOIDUNG,CV_CV_CHA,CV_TRONGSO,DV_ID,KH_ID,DA_ID,N_CV_ID,NV_ID,CV_HANHOANTHANH,CV_TGTHUCHIEN,NV_ID_LAM,LCV_ID) values (78,'L?p trình',to_date('29-JUN-23','DD-MON-RR'),to_date('04-JUL-23','DD-MON-RR'),10,4,'Hoàn thành',1,1,2,2,1,1,6,to_date('01-JUL-23','DD-MON-RR'),1,2,3);
Insert into THUCTAP.CONGVIEC (CV_ID,CV_TEN,CV_THGIANBATDAU,CV_THGIANHOANTHANH,CV_TIENDO,CV_TRANGTHAI,CV_NOIDUNG,CV_CV_CHA,CV_TRONGSO,DV_ID,KH_ID,DA_ID,N_CV_ID,NV_ID,CV_HANHOANTHANH,CV_TGTHUCHIEN,NV_ID_LAM,LCV_ID) values (63,'Tính toán',to_date('26-JUN-23','DD-MON-RR'),to_date('04-JUL-23','DD-MON-RR'),0,1,'Tính toán d? li?u',1,1,3,5,1,1,6,to_date('30-JUN-23','DD-MON-RR'),21,1,3);
Insert into THUCTAP.CONGVIEC (CV_ID,CV_TEN,CV_THGIANBATDAU,CV_THGIANHOANTHANH,CV_TIENDO,CV_TRANGTHAI,CV_NOIDUNG,CV_CV_CHA,CV_TRONGSO,DV_ID,KH_ID,DA_ID,N_CV_ID,NV_ID,CV_HANHOANTHANH,CV_TGTHUCHIEN,NV_ID_LAM,LCV_ID) values (4,'Mô t? ch?c n?ng s? b?',to_date('20-JUL-23','DD-MON-RR'),to_date('10-NOV-23','DD-MON-RR'),100,3,'B?ng mô t? ch?c n?ng',2,0,3,6,1,1,6,to_date('22-JUL-23','DD-MON-RR'),1,2,1);
Insert into THUCTAP.CONGVIEC (CV_ID,CV_TEN,CV_THGIANBATDAU,CV_THGIANHOANTHANH,CV_TIENDO,CV_TRANGTHAI,CV_NOIDUNG,CV_CV_CHA,CV_TRONGSO,DV_ID,KH_ID,DA_ID,N_CV_ID,NV_ID,CV_HANHOANTHANH,CV_TGTHUCHIEN,NV_ID_LAM,LCV_ID) values (5,'Mô t? ch?c n?ng ??ng nh?p',to_date('20-JUL-23','DD-MON-RR'),to_date('29-JUN-23','DD-MON-RR'),100,4,'B?ng mô t? chi ti?t ch?c n?ng ??ng nh?p',3,0,3,6,1,1,6,to_date('27-JUL-23','DD-MON-RR'),10,2,4);
Insert into THUCTAP.CONGVIEC (CV_ID,CV_TEN,CV_THGIANBATDAU,CV_THGIANHOANTHANH,CV_TIENDO,CV_TRANGTHAI,CV_NOIDUNG,CV_CV_CHA,CV_TRONGSO,DV_ID,KH_ID,DA_ID,N_CV_ID,NV_ID,CV_HANHOANTHANH,CV_TGTHUCHIEN,NV_ID_LAM,LCV_ID) values (6,'XD ch?c n?ng ??ng nh?p',to_date('21-JUL-23','DD-MON-RR'),null,60,2,'XD API ??ng nh?p',3,0,3,6,1,2,6,to_date('31-JUL-23','DD-MON-RR'),6,3,3);
Insert into THUCTAP.CONGVIEC (CV_ID,CV_TEN,CV_THGIANBATDAU,CV_THGIANHOANTHANH,CV_TIENDO,CV_TRANGTHAI,CV_NOIDUNG,CV_CV_CHA,CV_TRONGSO,DV_ID,KH_ID,DA_ID,N_CV_ID,NV_ID,CV_HANHOANTHANH,CV_TGTHUCHIEN,NV_ID_LAM,LCV_ID) values (7,'XD ch?c n?ng thêm k? ho?ch',to_date('10-JUL-23','DD-MON-RR'),to_date('15-JUL-23','DD-MON-RR'),100,3,'K?t n?i giao di?n v?i API thêm k? ho?ch',0,0,3,6,1,2,6,to_date('15-JUN-23','DD-MON-RR'),10,4,1);
Insert into THUCTAP.CONGVIEC (CV_ID,CV_TEN,CV_THGIANBATDAU,CV_THGIANHOANTHANH,CV_TIENDO,CV_TRANGTHAI,CV_NOIDUNG,CV_CV_CHA,CV_TRONGSO,DV_ID,KH_ID,DA_ID,N_CV_ID,NV_ID,CV_HANHOANTHANH,CV_TGTHUCHIEN,NV_ID_LAM,LCV_ID) values (8,'Báo Cáo Dashboard',to_date('03-JUL-23','DD-MON-RR'),to_date('20-JUL-23','DD-MON-RR'),10,4,'Báo cáo l?n 2 ',0,1,1,null,null,null,6,to_date('22-JUL-23','DD-MON-RR'),2,null,2);
Insert into THUCTAP.CONGVIEC (CV_ID,CV_TEN,CV_THGIANBATDAU,CV_THGIANHOANTHANH,CV_TIENDO,CV_TRANGTHAI,CV_NOIDUNG,CV_CV_CHA,CV_TRONGSO,DV_ID,KH_ID,DA_ID,N_CV_ID,NV_ID,CV_HANHOANTHANH,CV_TGTHUCHIEN,NV_ID_LAM,LCV_ID) values (9,'XD ch?c n?ng Duy?t KH',to_date('25-JUL-23','DD-MON-RR'),null,100,4,'K?t n?i giao di?n v?i APIduy?t k? ho?ch',0,0,5,6,1,2,1,to_date('29-JUN-23','DD-MON-RR'),12,3,2);
Insert into THUCTAP.CONGVIEC (CV_ID,CV_TEN,CV_THGIANBATDAU,CV_THGIANHOANTHANH,CV_TIENDO,CV_TRANGTHAI,CV_NOIDUNG,CV_CV_CHA,CV_TRONGSO,DV_ID,KH_ID,DA_ID,N_CV_ID,NV_ID,CV_HANHOANTHANH,CV_TGTHUCHIEN,NV_ID_LAM,LCV_ID) values (10,'giao di?n ??ng nh?p',to_date('01-JUN-23','DD-MON-RR'),to_date('26-JUN-23','DD-MON-RR'),100,3,'XD Giao di?n ??p',0,0,4,6,1,5,6,to_date('17-JUN-23','DD-MON-RR'),18,4,1);
Insert into THUCTAP.CONGVIEC (CV_ID,CV_TEN,CV_THGIANBATDAU,CV_THGIANHOANTHANH,CV_TIENDO,CV_TRANGTHAI,CV_NOIDUNG,CV_CV_CHA,CV_TRONGSO,DV_ID,KH_ID,DA_ID,N_CV_ID,NV_ID,CV_HANHOANTHANH,CV_TGTHUCHIEN,NV_ID_LAM,LCV_ID) values (11,'Giao di?n thêm k? ho?ch',to_date('01-JUN-23','DD-MON-RR'),to_date('09-JUN-23','DD-MON-RR'),100,3,'XD giao di?n thêm k? ho?ch',0,0,2,6,1,5,6,to_date('09-JUN-23','DD-MON-RR'),32,8,1);
Insert into THUCTAP.CONGVIEC (CV_ID,CV_TEN,CV_THGIANBATDAU,CV_THGIANHOANTHANH,CV_TIENDO,CV_TRANGTHAI,CV_NOIDUNG,CV_CV_CHA,CV_TRONGSO,DV_ID,KH_ID,DA_ID,N_CV_ID,NV_ID,CV_HANHOANTHANH,CV_TGTHUCHIEN,NV_ID_LAM,LCV_ID) values (12,'DB hoàn thành giao di?n c?a L?',to_date('02-JUL-23','DD-MON-RR'),to_date('03-JUL-23','DD-MON-RR'),90,2,null,0,0,1,null,null,null,6,to_date('03-JUL-23','DD-MON-RR'),20,null,7);
Insert into THUCTAP.CONGVIEC (CV_ID,CV_TEN,CV_THGIANBATDAU,CV_THGIANHOANTHANH,CV_TIENDO,CV_TRANGTHAI,CV_NOIDUNG,CV_CV_CHA,CV_TRONGSO,DV_ID,KH_ID,DA_ID,N_CV_ID,NV_ID,CV_HANHOANTHANH,CV_TGTHUCHIEN,NV_ID_LAM,LCV_ID) values (13,'Giao di?n t?ng quan',to_date('02-JUN-23','DD-MON-RR'),to_date('20-JUL-23','DD-MON-RR'),20,2,'XD Giao di?n t?ng quan',0,0,4,6,1,5,1,to_date('06-JUN-23','DD-MON-RR'),13,9,4);
Insert into THUCTAP.CONGVIEC (CV_ID,CV_TEN,CV_THGIANBATDAU,CV_THGIANHOANTHANH,CV_TIENDO,CV_TRANGTHAI,CV_NOIDUNG,CV_CV_CHA,CV_TRONGSO,DV_ID,KH_ID,DA_ID,N_CV_ID,NV_ID,CV_HANHOANTHANH,CV_TGTHUCHIEN,NV_ID_LAM,LCV_ID) values (15,'Công vi?c tháng 7',to_date('01-JUL-23','DD-MON-RR'),to_date('11-JUL-23','DD-MON-RR'),10,2,null,0,0,2,null,null,null,1,to_date('31-JUL-23','DD-MON-RR'),10,null,5);
Insert into THUCTAP.CONGVIEC (CV_ID,CV_TEN,CV_THGIANBATDAU,CV_THGIANHOANTHANH,CV_TIENDO,CV_TRANGTHAI,CV_NOIDUNG,CV_CV_CHA,CV_TRONGSO,DV_ID,KH_ID,DA_ID,N_CV_ID,NV_ID,CV_HANHOANTHANH,CV_TGTHUCHIEN,NV_ID_LAM,LCV_ID) values (2,'Lâp trinh ',to_date('02-JUL-23','DD-MON-RR'),to_date('04-JUL-23','DD-MON-RR'),50,2,null,0,0,2,null,null,null,1,to_date('31-JUL-23','DD-MON-RR'),50,null,2);
Insert into THUCTAP.CONGVIEC (CV_ID,CV_TEN,CV_THGIANBATDAU,CV_THGIANHOANTHANH,CV_TIENDO,CV_TRANGTHAI,CV_NOIDUNG,CV_CV_CHA,CV_TRONGSO,DV_ID,KH_ID,DA_ID,N_CV_ID,NV_ID,CV_HANHOANTHANH,CV_TGTHUCHIEN,NV_ID_LAM,LCV_ID) values (16,'L?p trình FE',to_date('02-JUL-23','DD-MON-RR'),to_date('04-JUL-23','DD-MON-RR'),10,2,null,2,0,2,null,null,null,1,to_date('13-JUL-23','DD-MON-RR'),30,null,1);
Insert into THUCTAP.CONGVIEC (CV_ID,CV_TEN,CV_THGIANBATDAU,CV_THGIANHOANTHANH,CV_TIENDO,CV_TRANGTHAI,CV_NOIDUNG,CV_CV_CHA,CV_TRONGSO,DV_ID,KH_ID,DA_ID,N_CV_ID,NV_ID,CV_HANHOANTHANH,CV_TGTHUCHIEN,NV_ID_LAM,LCV_ID) values (22,'L?p trình Be',to_date('02-JUL-23','DD-MON-RR'),to_date('08-JUL-23','DD-MON-RR'),70,2,null,2,0,2,null,null,null,6,to_date('29-JUL-23','DD-MON-RR'),20,null,3);
Insert into THUCTAP.CONGVIEC (CV_ID,CV_TEN,CV_THGIANBATDAU,CV_THGIANHOANTHANH,CV_TIENDO,CV_TRANGTHAI,CV_NOIDUNG,CV_CV_CHA,CV_TRONGSO,DV_ID,KH_ID,DA_ID,N_CV_ID,NV_ID,CV_HANHOANTHANH,CV_TGTHUCHIEN,NV_ID_LAM,LCV_ID) values (23,'XD DB Dashboard',to_date('01-JUL-23','DD-MON-RR'),to_date('10-JUL-23','DD-MON-RR'),50,2,null,2,0,2,null,null,null,6,to_date('31-JUL-23','DD-MON-RR'),10,null,4);
Insert into THUCTAP.CONGVIEC (CV_ID,CV_TEN,CV_THGIANBATDAU,CV_THGIANHOANTHANH,CV_TIENDO,CV_TRANGTHAI,CV_NOIDUNG,CV_CV_CHA,CV_TRONGSO,DV_ID,KH_ID,DA_ID,N_CV_ID,NV_ID,CV_HANHOANTHANH,CV_TGTHUCHIEN,NV_ID_LAM,LCV_ID) values (24,'Hoàn Thành CN thêm KH 1',to_date('03-JUL-23','DD-MON-RR'),to_date('15-JUL-23','DD-MON-RR'),100,3,null,7,0,3,null,null,null,6,to_date('28-JUL-23','DD-MON-RR'),22,null,5);
Insert into THUCTAP.CONGVIEC (CV_ID,CV_TEN,CV_THGIANBATDAU,CV_THGIANHOANTHANH,CV_TIENDO,CV_TRANGTHAI,CV_NOIDUNG,CV_CV_CHA,CV_TRONGSO,DV_ID,KH_ID,DA_ID,N_CV_ID,NV_ID,CV_HANHOANTHANH,CV_TGTHUCHIEN,NV_ID_LAM,LCV_ID) values (25,'XD ch?c n?ng thêm KH 1',to_date('02-JUL-23','DD-MON-RR'),to_date('11-JUL-23','DD-MON-RR'),100,3,null,7,0,3,null,null,null,6,to_date('27-JUL-23','DD-MON-RR'),12,null,7);
Insert into THUCTAP.CONGVIEC (CV_ID,CV_TEN,CV_THGIANBATDAU,CV_THGIANHOANTHANH,CV_TIENDO,CV_TRANGTHAI,CV_NOIDUNG,CV_CV_CHA,CV_TRONGSO,DV_ID,KH_ID,DA_ID,N_CV_ID,NV_ID,CV_HANHOANTHANH,CV_TGTHUCHIEN,NV_ID_LAM,LCV_ID) values (95,'cv 2 tháng',to_date('04-JUL-23','DD-MON-RR'),to_date('05-JUL-23','DD-MON-RR'),100,3,'ht',1,1,5,28,1,1,7,to_date('10-JUL-23','DD-MON-RR'),19,6,3);
Insert into THUCTAP.CONGVIEC (CV_ID,CV_TEN,CV_THGIANBATDAU,CV_THGIANHOANTHANH,CV_TIENDO,CV_TRANGTHAI,CV_NOIDUNG,CV_CV_CHA,CV_TRONGSO,DV_ID,KH_ID,DA_ID,N_CV_ID,NV_ID,CV_HANHOANTHANH,CV_TGTHUCHIEN,NV_ID_LAM,LCV_ID) values (96,'cv 3 tháng',to_date('03-JUL-23','DD-MON-RR'),to_date('05-JUL-23','DD-MON-RR'),100,3,'htt',1,1,5,28,1,1,7,to_date('13-JUL-23','DD-MON-RR'),6,6,3);
Insert into THUCTAP.CONGVIEC (CV_ID,CV_TEN,CV_THGIANBATDAU,CV_THGIANHOANTHANH,CV_TIENDO,CV_TRANGTHAI,CV_NOIDUNG,CV_CV_CHA,CV_TRONGSO,DV_ID,KH_ID,DA_ID,N_CV_ID,NV_ID,CV_HANHOANTHANH,CV_TGTHUCHIEN,NV_ID_LAM,LCV_ID) values (94,'Cv 1 tháng',to_date('01-JUL-23','DD-MON-RR'),null,70,2,'HT',1,1,5,28,1,1,7,to_date('08-JUL-23','DD-MON-RR'),20,3,3);
Insert into THUCTAP.CONGVIEC (CV_ID,CV_TEN,CV_THGIANBATDAU,CV_THGIANHOANTHANH,CV_TIENDO,CV_TRANGTHAI,CV_NOIDUNG,CV_CV_CHA,CV_TRONGSO,DV_ID,KH_ID,DA_ID,N_CV_ID,NV_ID,CV_HANHOANTHANH,CV_TGTHUCHIEN,NV_ID_LAM,LCV_ID) values (97,'CV ?V thang  7',to_date('04-JUL-23','DD-MON-RR'),null,40,2,'có cv',1,1,6,1,1,1,1,to_date('05-JUL-23','DD-MON-RR'),4,2,3);
REM INSERTING into THUCTAP.LOAICONGVIEC
SET DEFINE OFF;
Insert into THUCTAP.LOAICONGVIEC (LCV_ID,LCV_TEN) values (1,'L?p trình');
Insert into THUCTAP.LOAICONGVIEC (LCV_ID,LCV_TEN) values (2,'L? Tân');
Insert into THUCTAP.LOAICONGVIEC (LCV_ID,LCV_TEN) values (3,'H? tr?');
Insert into THUCTAP.LOAICONGVIEC (LCV_ID,LCV_TEN) values (4,'K? Toán');
Insert into THUCTAP.LOAICONGVIEC (LCV_ID,LCV_TEN) values (5,'Tài Chính');
Insert into THUCTAP.LOAICONGVIEC (LCV_ID,LCV_TEN) values (6,'Nhân S?');
Insert into THUCTAP.LOAICONGVIEC (LCV_ID,LCV_TEN) values (7,'H??ng d?n');
REM INSERTING into THUCTAP.BAOCAOHANGNGAY
SET DEFINE OFF;
Insert into THUCTAP.BAOCAOHANGNGAY (BCHN_ID,BCHN_NGAY,BCHN_TIENDO,BCHN_TRANGTHAI,CV_ID,BCHN_NOIDUNG,NV_ID,SO_GIO_LAM,NV_ID_NGDUYET,BCHN_GIOTHAMDINH,LCV_ID,BCHN_GIOBATDAU,BCHN_GIOKETTHUC) values (21,to_date('05-JUL-23','DD-MON-RR'),100,1,95,null,6,1,1,2,null,'07:00','07:50');
Insert into THUCTAP.BAOCAOHANGNGAY (BCHN_ID,BCHN_NGAY,BCHN_TIENDO,BCHN_TRANGTHAI,CV_ID,BCHN_NOIDUNG,NV_ID,SO_GIO_LAM,NV_ID_NGDUYET,BCHN_GIOTHAMDINH,LCV_ID,BCHN_GIOBATDAU,BCHN_GIOKETTHUC) values (22,to_date('05-JUL-23','DD-MON-RR'),100,1,96,null,6,3,1,2,null,'07:00','07:50');
Insert into THUCTAP.BAOCAOHANGNGAY (BCHN_ID,BCHN_NGAY,BCHN_TIENDO,BCHN_TRANGTHAI,CV_ID,BCHN_NOIDUNG,NV_ID,SO_GIO_LAM,NV_ID_NGDUYET,BCHN_GIOTHAMDINH,LCV_ID,BCHN_GIOBATDAU,BCHN_GIOKETTHUC) values (23,to_date('05-JUL-23','DD-MON-RR'),80,1,101,'BC',6,4,7,3.5,null,'07:00','11:30');
Insert into THUCTAP.BAOCAOHANGNGAY (BCHN_ID,BCHN_NGAY,BCHN_TIENDO,BCHN_TRANGTHAI,CV_ID,BCHN_NOIDUNG,NV_ID,SO_GIO_LAM,NV_ID_NGDUYET,BCHN_GIOTHAMDINH,LCV_ID,BCHN_GIOBATDAU,BCHN_GIOKETTHUC) values (24,to_date('05-JUL-23','DD-MON-RR'),70,1,102,'báo cáo',6,3,7,1,null,'07:00','09:29');
Insert into THUCTAP.BAOCAOHANGNGAY (BCHN_ID,BCHN_NGAY,BCHN_TIENDO,BCHN_TRANGTHAI,CV_ID,BCHN_NOIDUNG,NV_ID,SO_GIO_LAM,NV_ID_NGDUYET,BCHN_GIOTHAMDINH,LCV_ID,BCHN_GIOBATDAU,BCHN_GIOKETTHUC) values (25,to_date('05-JUL-23','DD-MON-RR'),50,1,17,'l?p KH',6,4,7,1,null,'07:00','09:29');
Insert into THUCTAP.BAOCAOHANGNGAY (BCHN_ID,BCHN_NGAY,BCHN_TIENDO,BCHN_TRANGTHAI,CV_ID,BCHN_NOIDUNG,NV_ID,SO_GIO_LAM,NV_ID_NGDUYET,BCHN_GIOTHAMDINH,LCV_ID,BCHN_GIOBATDAU,BCHN_GIOKETTHUC) values (19,to_date('05-JUL-23','DD-MON-RR'),100,1,17,'HT',6,2,1,1,null,'07:00','07:50');
Insert into THUCTAP.BAOCAOHANGNGAY (BCHN_ID,BCHN_NGAY,BCHN_TIENDO,BCHN_TRANGTHAI,CV_ID,BCHN_NOIDUNG,NV_ID,SO_GIO_LAM,NV_ID_NGDUYET,BCHN_GIOTHAMDINH,LCV_ID,BCHN_GIOBATDAU,BCHN_GIOKETTHUC) values (20,to_date('05-JUL-23','DD-MON-RR'),100,1,93,null,6,3,1,1,null,'07:00','07:50');
Insert into THUCTAP.BAOCAOHANGNGAY (BCHN_ID,BCHN_NGAY,BCHN_TIENDO,BCHN_TRANGTHAI,CV_ID,BCHN_NOIDUNG,NV_ID,SO_GIO_LAM,NV_ID_NGDUYET,BCHN_GIOTHAMDINH,LCV_ID,BCHN_GIOBATDAU,BCHN_GIOKETTHUC) values (26,to_date('05-JUL-23','DD-MON-RR'),20,1,102,'bc',6,4,7,4,null,'07:00','09:29');
Insert into THUCTAP.BAOCAOHANGNGAY (BCHN_ID,BCHN_NGAY,BCHN_TIENDO,BCHN_TRANGTHAI,CV_ID,BCHN_NOIDUNG,NV_ID,SO_GIO_LAM,NV_ID_NGDUYET,BCHN_GIOTHAMDINH,LCV_ID,BCHN_GIOBATDAU,BCHN_GIOKETTHUC) values (27,to_date('05-JUL-23','DD-MON-RR'),50,1,101,null,6,2.29,7,2.29,null,'07:00','09:29');
Insert into THUCTAP.BAOCAOHANGNGAY (BCHN_ID,BCHN_NGAY,BCHN_TIENDO,BCHN_TRANGTHAI,CV_ID,BCHN_NOIDUNG,NV_ID,SO_GIO_LAM,NV_ID_NGDUYET,BCHN_GIOTHAMDINH,LCV_ID,BCHN_GIOBATDAU,BCHN_GIOKETTHUC) values (28,to_date('05-JUL-23','DD-MON-RR'),10,0,105,'bdxfb',6,6.33,null,null,null,'07:00','13:33');
Insert into THUCTAP.BAOCAOHANGNGAY (BCHN_ID,BCHN_NGAY,BCHN_TIENDO,BCHN_TRANGTHAI,CV_ID,BCHN_NOIDUNG,NV_ID,SO_GIO_LAM,NV_ID_NGDUYET,BCHN_GIOTHAMDINH,LCV_ID,BCHN_GIOBATDAU,BCHN_GIOKETTHUC) values (3,to_date('04-JUL-23','DD-MON-RR'),50,1,95,'hoan thanh',6,5,1,5,4,'07:00','21:09');
Insert into THUCTAP.BAOCAOHANGNGAY (BCHN_ID,BCHN_NGAY,BCHN_TIENDO,BCHN_TRANGTHAI,CV_ID,BCHN_NOIDUNG,NV_ID,SO_GIO_LAM,NV_ID_NGDUYET,BCHN_GIOTHAMDINH,LCV_ID,BCHN_GIOBATDAU,BCHN_GIOKETTHUC) values (4,to_date('04-JUL-23','DD-MON-RR'),10,1,96,'ht',6,3,1,2,3,'07:00','21:09');
Insert into THUCTAP.BAOCAOHANGNGAY (BCHN_ID,BCHN_NGAY,BCHN_TIENDO,BCHN_TRANGTHAI,CV_ID,BCHN_NOIDUNG,NV_ID,SO_GIO_LAM,NV_ID_NGDUYET,BCHN_GIOTHAMDINH,LCV_ID,BCHN_GIOBATDAU,BCHN_GIOKETTHUC) values (5,to_date('04-JUL-23','DD-MON-RR'),80,1,95,'th',1,3,1,1,3,'07:00','21:09');
Insert into THUCTAP.BAOCAOHANGNGAY (BCHN_ID,BCHN_NGAY,BCHN_TIENDO,BCHN_TRANGTHAI,CV_ID,BCHN_NOIDUNG,NV_ID,SO_GIO_LAM,NV_ID_NGDUYET,BCHN_GIOTHAMDINH,LCV_ID,BCHN_GIOBATDAU,BCHN_GIOKETTHUC) values (6,to_date('04-JUL-23','DD-MON-RR'),90,1,95,'ht',6,10,1,2,3,'07:00','21:14');
Insert into THUCTAP.BAOCAOHANGNGAY (BCHN_ID,BCHN_NGAY,BCHN_TIENDO,BCHN_TRANGTHAI,CV_ID,BCHN_NOIDUNG,NV_ID,SO_GIO_LAM,NV_ID_NGDUYET,BCHN_GIOTHAMDINH,LCV_ID,BCHN_GIOBATDAU,BCHN_GIOKETTHUC) values (1,to_date('04-JUL-23','DD-MON-RR'),50,1,94,'hoàn thành',3,14.06,1,15,2,'07:00','21:06');
Insert into THUCTAP.BAOCAOHANGNGAY (BCHN_ID,BCHN_NGAY,BCHN_TIENDO,BCHN_TRANGTHAI,CV_ID,BCHN_NOIDUNG,NV_ID,SO_GIO_LAM,NV_ID_NGDUYET,BCHN_GIOTHAMDINH,LCV_ID,BCHN_GIOBATDAU,BCHN_GIOKETTHUC) values (2,to_date('04-JUL-23','DD-MON-RR'),70,1,94,'hoàn t',3,14.06,1,5,1,'07:00','21:06');
Insert into THUCTAP.BAOCAOHANGNGAY (BCHN_ID,BCHN_NGAY,BCHN_TIENDO,BCHN_TRANGTHAI,CV_ID,BCHN_NOIDUNG,NV_ID,SO_GIO_LAM,NV_ID_NGDUYET,BCHN_GIOTHAMDINH,LCV_ID,BCHN_GIOBATDAU,BCHN_GIOKETTHUC) values (7,to_date('04-JUL-23','DD-MON-RR'),40,1,97,'Scsfdsf',2,4,1,4,1,'07:00','09:21');
Insert into THUCTAP.BAOCAOHANGNGAY (BCHN_ID,BCHN_NGAY,BCHN_TIENDO,BCHN_TRANGTHAI,CV_ID,BCHN_NOIDUNG,NV_ID,SO_GIO_LAM,NV_ID_NGDUYET,BCHN_GIOTHAMDINH,LCV_ID,BCHN_GIOBATDAU,BCHN_GIOKETTHUC) values (8,to_date('04-JUL-23','DD-MON-RR'),50,1,17,'ht',6,2,1,2,4,'07:00','21:31');
Insert into THUCTAP.BAOCAOHANGNGAY (BCHN_ID,BCHN_NGAY,BCHN_TIENDO,BCHN_TRANGTHAI,CV_ID,BCHN_NOIDUNG,NV_ID,SO_GIO_LAM,NV_ID_NGDUYET,BCHN_GIOTHAMDINH,LCV_ID,BCHN_GIOBATDAU,BCHN_GIOKETTHUC) values (9,to_date('04-JUL-23','DD-MON-RR'),80,1,93,'hy',1,5,1,5,3,'07:00','21:31');
Insert into THUCTAP.BAOCAOHANGNGAY (BCHN_ID,BCHN_NGAY,BCHN_TIENDO,BCHN_TRANGTHAI,CV_ID,BCHN_NOIDUNG,NV_ID,SO_GIO_LAM,NV_ID_NGDUYET,BCHN_GIOTHAMDINH,LCV_ID,BCHN_GIOBATDAU,BCHN_GIOKETTHUC) values (10,to_date('04-JUL-23','DD-MON-RR'),60,1,6,'uiu',3,6,1,6,2,'07:00','21:32');
Insert into THUCTAP.BAOCAOHANGNGAY (BCHN_ID,BCHN_NGAY,BCHN_TIENDO,BCHN_TRANGTHAI,CV_ID,BCHN_NOIDUNG,NV_ID,SO_GIO_LAM,NV_ID_NGDUYET,BCHN_GIOTHAMDINH,LCV_ID,BCHN_GIOBATDAU,BCHN_GIOKETTHUC) values (11,to_date('04-JUL-23','DD-MON-RR'),80,1,9,'tt',3,3,1,3,4,'07:00','21:32');
Insert into THUCTAP.BAOCAOHANGNGAY (BCHN_ID,BCHN_NGAY,BCHN_TIENDO,BCHN_TRANGTHAI,CV_ID,BCHN_NOIDUNG,NV_ID,SO_GIO_LAM,NV_ID_NGDUYET,BCHN_GIOTHAMDINH,LCV_ID,BCHN_GIOBATDAU,BCHN_GIOKETTHUC) values (12,to_date('04-JUL-23','DD-MON-RR'),90,1,87,'tttt',1,7,1,7,3,'07:00','21:32');
Insert into THUCTAP.BAOCAOHANGNGAY (BCHN_ID,BCHN_NGAY,BCHN_TIENDO,BCHN_TRANGTHAI,CV_ID,BCHN_NOIDUNG,NV_ID,SO_GIO_LAM,NV_ID_NGDUYET,BCHN_GIOTHAMDINH,LCV_ID,BCHN_GIOBATDAU,BCHN_GIOKETTHUC) values (13,to_date('04-JUL-23','DD-MON-RR'),10,1,9,'uuu',1,4,1,4,2,'07:00','21:32');
Insert into THUCTAP.BAOCAOHANGNGAY (BCHN_ID,BCHN_NGAY,BCHN_TIENDO,BCHN_TRANGTHAI,CV_ID,BCHN_NOIDUNG,NV_ID,SO_GIO_LAM,NV_ID_NGDUYET,BCHN_GIOTHAMDINH,LCV_ID,BCHN_GIOBATDAU,BCHN_GIOKETTHUC) values (14,to_date('04-JUL-23','DD-MON-RR'),80,1,9,'77',3,5,1,5,1,'07:00','21:32');
Insert into THUCTAP.BAOCAOHANGNGAY (BCHN_ID,BCHN_NGAY,BCHN_TIENDO,BCHN_TRANGTHAI,CV_ID,BCHN_NOIDUNG,NV_ID,SO_GIO_LAM,NV_ID_NGDUYET,BCHN_GIOTHAMDINH,LCV_ID,BCHN_GIOBATDAU,BCHN_GIOKETTHUC) values (15,to_date('01-JUL-23','DD-MON-RR'),100,1,16,null,6,10,1,10,1,'7:00','17:00');
Insert into THUCTAP.BAOCAOHANGNGAY (BCHN_ID,BCHN_NGAY,BCHN_TIENDO,BCHN_TRANGTHAI,CV_ID,BCHN_NOIDUNG,NV_ID,SO_GIO_LAM,NV_ID_NGDUYET,BCHN_GIOTHAMDINH,LCV_ID,BCHN_GIOBATDAU,BCHN_GIOKETTHUC) values (16,to_date('01-JUN-23','DD-MON-RR'),30,1,15,null,6,10,1,1,2,'7:00
','17:00
');
Insert into THUCTAP.BAOCAOHANGNGAY (BCHN_ID,BCHN_NGAY,BCHN_TIENDO,BCHN_TRANGTHAI,CV_ID,BCHN_NOIDUNG,NV_ID,SO_GIO_LAM,NV_ID_NGDUYET,BCHN_GIOTHAMDINH,LCV_ID,BCHN_GIOBATDAU,BCHN_GIOKETTHUC) values (17,to_date('06-JUN-23','DD-MON-RR'),50,1,17,null,6,10,1,10,3,null,null);
Insert into THUCTAP.BAOCAOHANGNGAY (BCHN_ID,BCHN_NGAY,BCHN_TIENDO,BCHN_TRANGTHAI,CV_ID,BCHN_NOIDUNG,NV_ID,SO_GIO_LAM,NV_ID_NGDUYET,BCHN_GIOTHAMDINH,LCV_ID,BCHN_GIOBATDAU,BCHN_GIOKETTHUC) values (18,to_date('15-JUN-23','DD-MON-RR'),100,1,15,null,6,10,1,11,3,null,null);
REM INSERTING into THUCTAP.NHOMCONGVIEC
SET DEFINE OFF;
Insert into THUCTAP.NHOMCONGVIEC (N_CV_ID,N_CV_TEN) values (1,'Lên K? ho?ch');
Insert into THUCTAP.NHOMCONGVIEC (N_CV_ID,N_CV_TEN) values (2,'L?p trình');
Insert into THUCTAP.NHOMCONGVIEC (N_CV_ID,N_CV_TEN) values (3,'Xây d?ng database');
Insert into THUCTAP.NHOMCONGVIEC (N_CV_ID,N_CV_TEN) values (4,'Mô t? các ch?c n?ng');
Insert into THUCTAP.NHOMCONGVIEC (N_CV_ID,N_CV_TEN) values (5,'Xây d?ng giao di?n ');
Insert into THUCTAP.NHOMCONGVIEC (N_CV_ID,N_CV_TEN) values (6,'Ki?m th? ?ánh gia');
Insert into THUCTAP.NHOMCONGVIEC (N_CV_ID,N_CV_TEN) values (7,'Báo cáo');
Insert into THUCTAP.NHOMCONGVIEC (N_CV_ID,N_CV_TEN) values (8,'Demo');
REM INSERTING into THUCTAP.DONVI
SET DEFINE OFF;
Insert into THUCTAP.DONVI (DV_ID,DV_TEN,DV_ID_DVTRUONG,DV_DVCHA) values (5,'BE',1,2);
Insert into THUCTAP.DONVI (DV_ID,DV_TEN,DV_ID_DVTRUONG,DV_DVCHA) values (3,'Trung Tâm Vi?n Thông 1,2,,3,4',1,2);
Insert into THUCTAP.DONVI (DV_ID,DV_TEN,DV_ID_DVTRUONG,DV_DVCHA) values (4,'K? Thu?t - ??u T?',7,2);
Insert into THUCTAP.DONVI (DV_ID,DV_TEN,DV_ID_DVTRUONG,DV_DVCHA) values (6,'Trung Tâm Công Ngh? Thông Tin',2,2);
Insert into THUCTAP.DONVI (DV_ID,DV_TEN,DV_ID_DVTRUONG,DV_DVCHA) values (156,'Trung Tâm ?i?u Hành Thông Tin',10,2);
Insert into THUCTAP.DONVI (DV_ID,DV_TEN,DV_ID_DVTRUONG,DV_DVCHA) values (7,'Phòng Th?c T?p',4,2);
Insert into THUCTAP.DONVI (DV_ID,DV_TEN,DV_ID_DVTRUONG,DV_DVCHA) values (1,'K? Toán - K? Ho?ch',10,null);
Insert into THUCTAP.DONVI (DV_ID,DV_TEN,DV_ID_DVTRUONG,DV_DVCHA) values (2,'Nhân S? - T?ng H?p',10,null);
REM INSERTING into THUCTAP.NHANVIEN
SET DEFINE OFF;
Insert into THUCTAP.NHANVIEN (NV_ID,NV_STT,NV_TEN,NV_QUYEN,NV_TAIKHOAN,NV_MATKHAU,NV_QUYENTHAMDINH,DV_ID,NV_SDT,NV_DIACHI) values (9,'9','Thanh Tr?ng','nv','trong09','$2y$10$Gd6XXuPCJQUJP9mzcp3nDeFD9vcA/xQQhBSz9aEwRHja824K6RNSK','0',4,'0337095322','Tòa nhà VNPT, Thành ph? Hà N?i, Vi?t Nam');
Insert into THUCTAP.NHANVIEN (NV_ID,NV_STT,NV_TEN,NV_QUYEN,NV_TAIKHOAN,NV_MATKHAU,NV_QUYENTHAMDINH,DV_ID,NV_SDT,NV_DIACHI) values (1,'1','Th? Anh','ld','anh01','$2y$10$k38TLghq0/F.7LYPyYlt4uuEO70uwmO2eS7WElWuSNDJAinLmmdty','1',3,'0337095322','Tòa nhà VNPT, Thành ph? Hà N?i, Vi?t Nam');
Insert into THUCTAP.NHANVIEN (NV_ID,NV_STT,NV_TEN,NV_QUYEN,NV_TAIKHOAN,NV_MATKHAU,NV_QUYENTHAMDINH,DV_ID,NV_SDT,NV_DIACHI) values (3,'3','Thanh Quy?n','nv','quyen03','$2y$10$rZs21xfwbpk5n/0pd2r19.bG3QJUk2AXNl7jiQYKDV3dzKQzHEr3O','0',2,'0337095322','Tòa nhà VNPT, Thành ph? Hà N?i, Vi?t Nam');
Insert into THUCTAP.NHANVIEN (NV_ID,NV_STT,NV_TEN,NV_QUYEN,NV_TAIKHOAN,NV_MATKHAU,NV_QUYENTHAMDINH,DV_ID,NV_SDT,NV_DIACHI) values (2,'2','C?m Tiên','nv','tien02','$2y$10$k38TLghq0/F.7LYPyYlt4uuEO70uwmO2eS7WElWuSNDJAinLmmdty','0',6,'0337095322','Tòa nhà VNPT, Thành ph? Hà N?i, Vi?t Nam');
Insert into THUCTAP.NHANVIEN (NV_ID,NV_STT,NV_TEN,NV_QUYEN,NV_TAIKHOAN,NV_MATKHAU,NV_QUYENTHAMDINH,DV_ID,NV_SDT,NV_DIACHI) values (4,'4','Phúc Th?nh','nv','thinh04','$2y$10$YVT8gM12.g.C7HqWQHNVbuG2fVumHchHnyyU7v/YrsytrTqCHmqpm','1',7,'0337095322','Tòa nhà VNPT, Thành ph? Hà N?i, Vi?t Nam');
Insert into THUCTAP.NHANVIEN (NV_ID,NV_STT,NV_TEN,NV_QUYEN,NV_TAIKHOAN,NV_MATKHAU,NV_QUYENTHAMDINH,DV_ID,NV_SDT,NV_DIACHI) values (5,'5','Qu?c H?u','nv','hau05','$2y$10$/HsWdoFUo99kZNuVjPYYfOgxqOmCtlp1yptyPnLjtslns25pLABdi','0',1,'0337095322','Tòa nhà VNPT, Thành ph? Hà N?i, Vi?t Nam');
Insert into THUCTAP.NHANVIEN (NV_ID,NV_STT,NV_TEN,NV_QUYEN,NV_TAIKHOAN,NV_MATKHAU,NV_QUYENTHAMDINH,DV_ID,NV_SDT,NV_DIACHI) values (6,'6','Bích Trâm','nv','tram06','$2y$10$zF9Vf80gLq6ukKm8dkqgiu2Vmb.jW1fktS8r1DBaIzQ4dx1piFJHC','0',5,'0337095322','Tòa nhà VNPT, Thành ph? Hà N?i, Vi?t Nam');
Insert into THUCTAP.NHANVIEN (NV_ID,NV_STT,NV_TEN,NV_QUYEN,NV_TAIKHOAN,NV_MATKHAU,NV_QUYENTHAMDINH,DV_ID,NV_SDT,NV_DIACHI) values (7,'7','V?n Th?ch','nv','thach07','$2y$10$zF9Vf80gLq6ukKm8dkqgiu2Vmb.jW1fktS8r1DBaIzQ4dx1piFJHC','1',4,'0337095322','Tòa nhà VNPT, Thành ph? Hà N?i, Vi?t Nam');
Insert into THUCTAP.NHANVIEN (NV_ID,NV_STT,NV_TEN,NV_QUYEN,NV_TAIKHOAN,NV_MATKHAU,NV_QUYENTHAMDINH,DV_ID,NV_SDT,NV_DIACHI) values (8,'8','Công T??ng','nv','tuong08','$2y$10$9Vzc250zicYcxDyifv0LHeVDVImwkNZG0VTKj23cLNPZZ9Qzyg.fW','0',4,'0337095322','Tòa nhà VNPT, Thành ph? Hà N?i, Vi?t Nam');
REM INSERTING into THUCTAP.DUAN
SET DEFINE OFF;
Insert into THUCTAP.DUAN (DA_ID,DA_MADA,DA_TEN) values (1,'DTPTW','??u t? phát tri?n web');
Insert into THUCTAP.DUAN (DA_ID,DA_MADA,DA_TEN) values (2,'DTPTA','??u t? phát tri?n android App');
Insert into THUCTAP.DUAN (DA_ID,DA_MADA,DA_TEN) values (3,'TB','team building');
Insert into THUCTAP.DUAN (DA_ID,DA_MADA,DA_TEN) values (4,'PTCDM','phát tri?n c?ng ??ng m?ng');
REM INSERTING into THUCTAP.XINGIAHAN
SET DEFINE OFF;
-- Unable to render TRIGGER DDL for object THUCTAP.KEHOACH_TRG with DBMS_METADATA attempting internal generator.
CREATE TRIGGER KEHOACH_TRG 
BEFORE INSERT ON KEHOACH 
FOR EACH ROW 
BEGIN
  <<COLUMN_SEQUENCES>>
  BEGIN
    NULL;
  END COLUMN_SEQUENCES;
END;
-- Unable to render TRIGGER DDL for object THUCTAP.KEHOACH_TRG1 with DBMS_METADATA attempting internal generator.
CREATE TRIGGER KEHOACH_TRG1 
BEFORE INSERT ON KEHOACH 
FOR EACH ROW 
BEGIN
  <<COLUMN_SEQUENCES>>
  BEGIN
    NULL;
  END COLUMN_SEQUENCES;
END;
-- Unable to render TRIGGER DDL for object THUCTAP.CONGVIEC_TRG with DBMS_METADATA attempting internal generator.
CREATE TRIGGER CONGVIEC_TRG 
BEFORE INSERT ON CONGVIEC 
FOR EACH ROW 
BEGIN
  <<COLUMN_SEQUENCES>>
  BEGIN
    NULL;
  END COLUMN_SEQUENCES;
END;
-- Unable to render TRIGGER DDL for object THUCTAP.CONGVIEC_TRG1 with DBMS_METADATA attempting internal generator.
CREATE TRIGGER CONGVIEC_TRG1 
BEFORE INSERT ON CONGVIEC 
FOR EACH ROW 
BEGIN
  <<COLUMN_SEQUENCES>>
  BEGIN
    NULL;
  END COLUMN_SEQUENCES;
END;
-- Unable to render TRIGGER DDL for object THUCTAP.NHOMCONGVIEC_TRG with DBMS_METADATA attempting internal generator.
CREATE TRIGGER NHOMCONGVIEC_TRG 
BEFORE INSERT ON NHOMCONGVIEC 
FOR EACH ROW 
BEGIN
  <<COLUMN_SEQUENCES>>
  BEGIN
    IF INSERTING AND :NEW.N_CV_ID IS NULL THEN
      SELECT NHOMCONGVIEC_SEQ.NEXTVAL INTO :NEW.N_CV_ID FROM SYS.DUAL;
    END IF;
  END COLUMN_SEQUENCES;
END;
-- Unable to render TRIGGER DDL for object THUCTAP.DONVI_TRG with DBMS_METADATA attempting internal generator.
CREATE TRIGGER DONVI_TRG 
BEFORE INSERT ON DONVI 
FOR EACH ROW 
BEGIN
  <<COLUMN_SEQUENCES>>
  BEGIN
    IF INSERTING AND :NEW.DV_ID IS NULL THEN
      SELECT DONVI_SEQ.NEXTVAL INTO :NEW.DV_ID FROM SYS.DUAL;
    END IF;
  END COLUMN_SEQUENCES;
END;
-- Unable to render TRIGGER DDL for object THUCTAP.NHANVIEN_TRG with DBMS_METADATA attempting internal generator.
CREATE TRIGGER NHANVIEN_TRG 
BEFORE INSERT ON NHANVIEN 
FOR EACH ROW 
BEGIN
  <<COLUMN_SEQUENCES>>
  BEGIN
    NULL;
  END COLUMN_SEQUENCES;
END;
-- Unable to render TRIGGER DDL for object THUCTAP.NHANVIEN_TRG1 with DBMS_METADATA attempting internal generator.
CREATE TRIGGER NHANVIEN_TRG1 
BEFORE INSERT ON NHANVIEN 
FOR EACH ROW 
BEGIN
  <<COLUMN_SEQUENCES>>
  BEGIN
    NULL;
  END COLUMN_SEQUENCES;
END;
-- Unable to render TRIGGER DDL for object THUCTAP.DUAN_TRG with DBMS_METADATA attempting internal generator.
CREATE TRIGGER DUAN_TRG 
BEFORE INSERT ON DUAN 
FOR EACH ROW 
BEGIN
  <<COLUMN_SEQUENCES>>
  BEGIN
    IF INSERTING AND :NEW.DA_ID IS NULL THEN
      SELECT DUAN_SEQ.NEXTVAL INTO :NEW.DA_ID FROM SYS.DUAL;
    END IF;
  END COLUMN_SEQUENCES;
END;
